<?xml version="1.0"?>
<!DOCTYPE hibernate-mapping PUBLIC "-//Hibernate/Hibernate Mapping DTD 3.0//EN"
"http://www.hibernate.org/dtd/hibernate-mapping-3.0.dtd">
<!-- Generated 23/10/2024 09:26:18 PM by Hibernate Tools 4.3.1 -->
<hibernate-mapping>
    <class name="POJOs.Compras" table="compras" catalog="libreria" optimistic-lock="version">
        <id name="numeroCompra" type="java.lang.Integer">
            <column name="numero_compra" />
            <generator class="identity" />
        </id>
        <many-to-one name="proveedores" class="POJOs.Proveedores" fetch="select">
            <column name="nit_proveedor" not-null="true" />
        </many-to-one>
        <many-to-one name="usuarios" class="POJOs.Usuarios" fetch="select">
            <column name="id_usuario" not-null="true" />
        </many-to-one>
        <property name="estadoCompra" type="boolean">
            <column name="estado_compra" not-null="true" />
        </property>
        <property name="fechaCompra" type="timestamp">
            <column name="fecha_compra" length="19" not-null="true" />
        </property>
        <set name="detalleCompras" table="detalle_compra" inverse="true" lazy="true" fetch="select">
            <key>
                <column name="numero_compra" not-null="true" />
            </key>
            <one-to-many class="POJOs.DetalleCompra" />
        </set>
    </class>
</hibernate-mapping>
