<?xml version="1.0"?>
<!DOCTYPE hibernate-mapping PUBLIC "-//Hibernate/Hibernate Mapping DTD 3.0//EN"
"http://www.hibernate.org/dtd/hibernate-mapping-3.0.dtd">
<!-- Generated 23/10/2024 09:26:18 PM by Hibernate Tools 4.3.1 -->
<hibernate-mapping>
    <class name="POJOs.DetalleVenta" table="detalle_venta" catalog="libreria" optimistic-lock="version">
        <id name="numeroDocumento" type="java.lang.Integer">
            <column name="numero_documento" />
            <generator class="identity" />
        </id>
        <many-to-one name="productos" class="POJOs.Productos" fetch="select">
            <column name="id_producto" not-null="true" />
        </many-to-one>
        <many-to-one name="ventas" class="POJOs.Ventas" fetch="select">
            <column name="numero_venta" not-null="true" />
        </many-to-one>
        <property name="cantidad" type="float">
            <column name="cantidad" precision="12" scale="0" not-null="true" />
        </property>
        <property name="precioUnitario" type="float">
            <column name="precio_unitario" precision="12" scale="0" not-null="true" />
        </property>
        <property name="totalVenta" type="float">
            <column name="total_venta" precision="12" scale="0" not-null="true" />
        </property>
    </class>
</hibernate-mapping>
