<?xml version="1.0"?>
<!DOCTYPE hibernate-mapping PUBLIC "-//Hibernate/Hibernate Mapping DTD 3.0//EN"
"http://www.hibernate.org/dtd/hibernate-mapping-3.0.dtd">
<!-- Generated 23/10/2024 09:26:18 PM by Hibernate Tools 4.3.1 -->
<hibernate-mapping>
    <class name="POJOs.DetalleCompra" table="detalle_compra" catalog="libreria" optimistic-lock="version">
        <id name="numeroDocumento" type="int">
            <column name="numero_documento" />
            <generator class="assigned" />
        </id>
        <many-to-one name="compras" class="POJOs.Compras" fetch="select">
            <column name="numero_compra" not-null="true" />
        </many-to-one>
        <many-to-one name="productos" class="POJOs.Productos" fetch="select">
            <column name="id_producto" not-null="true" />
        </many-to-one>
        <property name="cantidad" type="float">
            <column name="cantidad" precision="12" scale="0" not-null="true" />
        </property>
        <property name="precioUnitario" type="float">
            <column name="precio_unitario" precision="12" scale="0" not-null="true" />
        </property>
        <property name="totalCompra" type="float">
            <column name="total_compra" precision="12" scale="0" not-null="true" />
        </property>
    </class>
</hibernate-mapping>
