<?xml version="1.0"?>
<!DOCTYPE hibernate-mapping PUBLIC "-//Hibernate/Hibernate Mapping DTD 3.0//EN"
"http://www.hibernate.org/dtd/hibernate-mapping-3.0.dtd">
<!-- Generated 23/10/2024 09:26:18 PM by Hibernate Tools 4.3.1 -->
<hibernate-mapping>
    <class name="POJOs.Proveedores" table="proveedores" catalog="libreria" optimistic-lock="version">
        <id name="nitProveedor" type="java.lang.Integer">
            <column name="nit_proveedor" />
            <generator class="identity" />
        </id>
        <property name="estadoProveedor" type="boolean">
            <column name="estado_proveedor" not-null="true" />
        </property>
        <property name="nombreProveedor" type="string">
            <column name="nombre_proveedor" length="25" not-null="true" />
        </property>
        <property name="direccionProveedor" type="string">
            <column name="direccion_proveedor" length="45" not-null="true" />
        </property>
        <property name="telefonoProveedor" type="string">
            <column name="telefono_proveedor" length="15" not-null="true" />
        </property>
        <set name="comprases" table="compras" inverse="true" lazy="true" fetch="select">
            <key>
                <column name="nit_proveedor" not-null="true" />
            </key>
            <one-to-many class="POJOs.Compras" />
        </set>
    </class>
</hibernate-mapping>
