<?xml version="1.0"?>
<!DOCTYPE hibernate-mapping PUBLIC "-//Hibernate/Hibernate Mapping DTD 3.0//EN"
"http://www.hibernate.org/dtd/hibernate-mapping-3.0.dtd">
<!-- Generated 23/10/2024 09:26:18 PM by Hibernate Tools 4.3.1 -->
<hibernate-mapping>
    <class name="POJOs.Usuarios" table="usuarios" catalog="libreria" optimistic-lock="version">
        <id name="idUsuario" type="java.lang.Integer">
            <column name="id_usuario" />
            <generator class="identity" />
        </id>
        <property name="estadoUsuario" type="boolean">
            <column name="estado_usuario" not-null="true" />
        </property>
        <property name="nombreUsuario" type="string">
            <column name="nombre_usuario" length="45" not-null="true" />
        </property>
        <property name="cargoUsuario" type="string">
            <column name="cargo_usuario" length="25" not-null="true" />
        </property>
        <property name="contraseniaUsuario" type="string">
            <column name="contrasenia_usuario" length="20" not-null="true" />
        </property>
        <set name="ventases" table="ventas" inverse="true" lazy="true" fetch="select">
            <key>
                <column name="id_usuario" not-null="true" />
            </key>
            <one-to-many class="POJOs.Ventas" />
        </set>
        <set name="comprases" table="compras" inverse="true" lazy="true" fetch="select">
            <key>
                <column name="id_usuario" not-null="true" />
            </key>
            <one-to-many class="POJOs.Compras" />
        </set>
    </class>
</hibernate-mapping>
