<?xml version="1.0"?>
<!DOCTYPE hibernate-mapping PUBLIC "-//Hibernate/Hibernate Mapping DTD 3.0//EN"
"http://www.hibernate.org/dtd/hibernate-mapping-3.0.dtd">
<!-- Generated 23/10/2024 09:26:18 PM by Hibernate Tools 4.3.1 -->
<hibernate-mapping>
    <class name="POJOs.Ventas" table="ventas" catalog="libreria" optimistic-lock="version">
        <id name="numeroVenta" type="java.lang.Integer">
            <column name="numero_venta" />
            <generator class="identity" />
        </id>
        <many-to-one name="clientes" class="POJOs.Clientes" fetch="select">
            <column name="nit_cliente" not-null="true" />
        </many-to-one>
        <many-to-one name="usuarios" class="POJOs.Usuarios" fetch="select">
            <column name="id_usuario" not-null="true" />
        </many-to-one>
        <property name="estadoVenta" type="boolean">
            <column name="estado_venta" not-null="true" />
        </property>
        <property name="fechaVenta" type="timestamp">
            <column name="fecha_venta" length="19" not-null="true" />
        </property>
        <set name="detalleVentas" table="detalle_venta" inverse="true" lazy="true" fetch="select">
            <key>
                <column name="numero_venta" not-null="true" />
            </key>
            <one-to-many class="POJOs.DetalleVenta" />
        </set>
    </class>
</hibernate-mapping>
