<?xml version="1.0" encoding="UTF-8"?>
<project-private xmlns="http://www.netbeans.org/ns/project-private/1">
    <editor-bookmarks xmlns="http://www.netbeans.org/ns/editor-bookmarks/2" lastBookmarkId="0"/>
    <open-files xmlns="http://www.netbeans.org/ns/projectui-open-files/2">
        <group>
            <file>file:/C:/Users/josed/OneDrive/Escritorio/recibos%20Uni/proyecto_libreria-main/JAVAFXlibreria/src/Controlador/ClientesController.java</file>
            <file>file:/C:/Users/josed/OneDrive/Escritorio/recibos%20Uni/proyecto_libreria-main/JAVAFXlibreria/src/Controlador/UsuariosController.java</file>
            <file>file:/C:/Users/josed/OneDrive/Escritorio/recibos%20Uni/proyecto_libreria-main/JAVAFXlibreria/src/Modelo/ClientesTabla.java</file>
            <file>file:/C:/Users/josed/OneDrive/Escritorio/recibos%20Uni/proyecto_libreria-main/JAVAFXlibreria/src/Modelo/UsuariosTabla.java</file>
        </group>
    </open-files>
</project-private>
