<?xml version="1.0" encoding="UTF-8"?>
<project-private xmlns="http://www.netbeans.org/ns/project-private/1">
    <editor-bookmarks xmlns="http://www.netbeans.org/ns/editor-bookmarks/2" lastBookmarkId="0"/>
    <open-files xmlns="http://www.netbeans.org/ns/projectui-open-files/2">
        <group>
            <file>file:/C:/Users/josed/Downloads/proyecto_libreria-main/proyecto_libreria-main/proyecto_libreria/src/POJOs/DetalleCompra.java</file>
            <file>file:/C:/Users/josed/Downloads/proyecto_libreria-main/proyecto_libreria-main/proyecto_libreria/src/CRUDs/CRUDCompras.java</file>
            <file>file:/C:/Users/josed/Downloads/proyecto_libreria-main/proyecto_libreria-main/proyecto_libreria/src/POJOs/Compras.java</file>
            <file>file:/C:/Users/josed/Downloads/proyecto_libreria-main/proyecto_libreria-main/proyecto_libreria/src/CRUDs/CRUDDetalleCompra.java</file>
        </group>
    </open-files>
</project-private>
